Model,TBS1102C
Firmware Version,v1.29.38

Point Format,Y,
Horizontal Units,S,
Horizontal Scale,4e-06,
Sample Interval,3.2e-08,
Filter Frequency,2e+08,
Record Length,2000,
Gating,0.0% to 100.0%,0.0% to 100.0%
Probe Attenuation,1,1
Vertical Units,V,V
Vertical Offset,0,0
Vertical Scale,0.199,0.125
Label,,
TIME,CH1,CH2
-2.880e-06,1.20479,0.000898443
-2.848e-06,1.20482,0.000253912
-2.816e-06,1.20442,0.000625006
-2.784e-06,1.20442,0.000898443
-2.752e-06,1.20442,0.00105469
-2.720e-06,1.20442,0.000566412
-2.688e-06,1.2046,0.000722662
-2.656e-06,1.20473,0.000488287
-2.624e-06,1.20491,0.000742193
-2.592e-06,1.2047,0.00052735
-2.560e-06,1.2051,0.00138672
-2.528e-06,1.20451,0.00105469
-2.496e-06,1.20467,5.96046e-09
-2.464e-06,1.20442,0.00105469
-2.432e-06,1.20491,0.00052735
-2.400e-06,1.20578,0.000722662
-2.368e-06,1.20532,0.0009961
-2.336e-06,1.2051,0.000234381
-2.304e-06,1.20482,0.000566412
-2.272e-06,1.20488,0.00121094
-2.240e-06,1.20463,0.000878912
-2.208e-06,1.20501,0.000332037
-2.176e-06,1.20575,0.00138672
-2.144e-06,1.20442,0.00083985
-2.112e-06,1.20442,0.0006836
-2.080e-06,1.20463,0.000761725
-2.048e-06,1.20519,0.000878912
-2.016e-06,1.20442,0.0009961
-1.984e-06,1.20442,0.000976568
-1.952e-06,1.20442,0.00103516
-1.920e-06,1.20482,0.000292975
-1.888e-06,1.20491,0.000859381
-1.856e-06,1.20547,0.000937506
-1.824e-06,1.20491,0.00083985
-1.792e-06,1.20491,0.00179688
-1.760e-06,1.20488,0.00107422
-1.728e-06,1.20485,0.000761725
-1.696e-06,1.20516,0.00109376
-1.664e-06,1.20479,0.00109376
-1.632e-06,1.2046,0.000625006
-1.600e-06,1.20442,0.000449225
-1.568e-06,1.20442,0.000703131
-1.536e-06,1.20522,-1.95253e-05
-1.504e-06,1.20522,0.000742193
-1.472e-06,1.2051,0.0016211
-1.440e-06,1.2056,0.0003711
-1.408e-06,1.20442,0.000488287
-1.376e-06,1.20522,0.000449225
-1.344e-06,1.20491,0.000703131
-1.312e-06,1.20494,0.000292975
-1.280e-06,1.20491,0.000468756
-1.248e-06,1.20479,0.000742193
-1.216e-06,1.20519,0.000800787
-1.184e-06,1.20541,0.00105469
-1.152e-06,1.20448,0.000937506
-1.120e-06,1.20463,0.000722662
-1.088e-06,1.2056,0.00158204
-1.056e-06,1.20498,0.00138672
-1.024e-06,1.20442,0.00123047
-9.920e-07,1.2051,0.000761725
-9.600e-07,1.20442,0.00150391
-9.280e-07,1.20445,0.000800787
-8.960e-07,1.20544,0.000859381
-8.640e-07,1.20442,0.00101563
-8.320e-07,1.20491,0.000859381
-8.000e-07,1.20445,0.00052735
-7.680e-07,1.20442,0.000957037
-7.360e-07,1.20451,0.000546881
-7.040e-07,1.20467,0.000605475
-6.720e-07,1.20491,0.00146485
-6.400e-07,1.2055,0.000976568
-6.080e-07,1.20485,0.00115235
-5.760e-07,1.2051,0.000781256
-5.440e-07,1.20442,0.000292975
-5.120e-07,1.20442,0.00115235
-4.800e-07,1.20467,0.000878912
-4.480e-07,1.20504,0.00103516
-4.160e-07,1.20516,0.000468756
-3.840e-07,1.20557,0.000761725
-3.520e-07,1.20442,0.000468756
-3.200e-07,1.20454,0.000507818
-2.880e-07,1.20442,0.000878912
-2.560e-07,1.20482,0.000761725
-2.240e-07,1.20482,0.000898443
-1.920e-07,1.20442,0.00175782
-1.600e-07,1.20522,0.00083985
-1.280e-07,1.20504,0.000234381
-9.600e-08,1.20488,0.00101563
-6.400e-08,1.20448,0.000605475
-3.200e-08,0.644294,-0.13959
-1.190e-20,0.245827,-0.485
3.200e-08,-0.115265,-0.485
6.400e-08,0.0389916,-0.485
9.600e-08,0.00957687,-0.485
1.280e-07,0.0161687,-0.485
1.600e-07,0.0260876,-0.485
1.920e-07,0.0286373,-0.485
2.240e-07,0.0359755,-0.485
2.560e-07,0.0410126,-0.485
2.880e-07,0.043127,-0.485
3.200e-07,0.0502164,-0.485
3.520e-07,0.0564041,-0.485
3.840e-07,0.0581764,-0.485
4.160e-07,0.0631825,-0.485
4.480e-07,0.0695256,-0.485
4.800e-07,0.0724173,-0.485
5.120e-07,0.078263,-0.485
5.440e-07,0.0840775,-0.485
5.760e-07,0.0883684,-0.485
6.080e-07,0.0900164,-0.485
6.400e-07,0.0954889,-0.485
6.720e-07,0.101583,-0.485
7.040e-07,0.10404,-0.485
7.360e-07,0.106372,-0.485
7.680e-07,0.112901,-0.485
8.000e-07,0.116819,-0.485
8.320e-07,0.119866,-0.485
8.640e-07,0.122945,-0.485
8.960e-07,0.127329,-0.485
9.280e-07,0.129847,-0.485
9.600e-07,0.136595,-0.485
9.920e-07,0.139207,-0.485
1.024e-06,0.143218,-0.485
1.056e-06,0.145643,-0.485
1.088e-06,0.1504,-0.485
1.120e-06,0.152142,-0.485
1.152e-06,0.155407,-0.485
1.184e-06,0.160382,-0.485
1.216e-06,0.162527,-0.485
1.248e-06,0.166911,-0.485
1.280e-06,0.169057,-0.485
1.312e-06,0.174809,-0.485
1.344e-06,0.176115,-0.485
1.376e-06,0.177732,-0.485
1.408e-06,0.18252,-0.485
1.440e-06,0.18392,-0.485
1.472e-06,0.185474,-0.485
1.504e-06,0.191164,-0.485
1.536e-06,0.19076,-0.485
1.568e-06,0.192253,-0.485
1.600e-06,0.194989,-0.485
1.632e-06,0.199715,-0.485
1.664e-06,0.199933,-0.485
1.696e-06,0.200959,-0.485
1.728e-06,0.20668,-0.485
1.760e-06,0.207426,-0.485
1.792e-06,0.207955,-0.484004
1.824e-06,0.210069,-0.471855
1.856e-06,0.212588,-0.454863
1.888e-06,0.214516,-0.438945
1.920e-06,0.215946,-0.421621
1.952e-06,0.217097,-0.40502
1.984e-06,0.217718,-0.388691
2.016e-06,0.22061,-0.370469
2.048e-06,0.222227,-0.351934
2.080e-06,0.222662,-0.336074
2.112e-06,0.223688,-0.318398
2.144e-06,0.224808,-0.300527
2.176e-06,0.226238,-0.284004
2.208e-06,0.226394,-0.266152
2.240e-06,0.229161,-0.248672
2.272e-06,0.231027,-0.23209
2.304e-06,0.231244,-0.216113
2.336e-06,0.2314,-0.197793
2.368e-06,0.232084,-0.180215
2.400e-06,0.231959,-0.164551
2.432e-06,0.231742,-0.147441
2.464e-06,0.232022,-0.129434
2.496e-06,0.232706,-0.113789
2.528e-06,0.231804,-0.0970117
2.560e-06,0.232488,-0.080293
2.592e-06,0.233017,-0.0632617
2.624e-06,0.233265,-0.0475
2.656e-06,0.233576,-0.0303516
2.688e-06,0.232985,-0.0141992
2.720e-06,0.233545,0.00216797
2.752e-06,0.23283,0.0176172
2.784e-06,0.232426,0.0336133
2.816e-06,0.233763,0.0488477
2.848e-06,0.231648,0.0656641
2.880e-06,0.231182,0.0817188
2.912e-06,0.232426,0.0966406
2.944e-06,0.23227,0.110938
2.976e-06,0.231586,0.126426
3.008e-06,0.231959,0.1425
3.040e-06,0.230467,0.157168
3.072e-06,0.227793,0.171973
3.104e-06,0.229254,0.185488
3.136e-06,0.22543,0.200781
3.168e-06,0.223937,0.215469
3.200e-06,0.223129,0.230781
3.232e-06,0.223657,0.245
3.264e-06,0.224621,0.257871
3.296e-06,0.221108,0.272402
3.328e-06,0.219273,0.286035
3.360e-06,0.216257,0.299395
3.392e-06,0.216537,0.312266
3.424e-06,0.216039,0.32748
3.456e-06,0.21607,0.340117
3.488e-06,0.214298,0.352969
3.520e-06,0.210411,0.367031
3.552e-06,0.209945,0.379727
3.584e-06,0.208297,0.39127
3.616e-06,0.208608,0.403574
3.648e-06,0.20525,0.416914
3.680e-06,0.202172,0.428672
3.712e-06,0.20043,0.439746
3.744e-06,0.200368,0.452227
3.776e-06,0.196481,0.463691
3.808e-06,0.192159,0.475313
3.840e-06,0.191631,0.485586
3.872e-06,0.192159,0.496816
3.904e-06,0.189299,0.507637
3.936e-06,0.184852,0.5175
3.968e-06,0.18336,0.529004
4.000e-06,0.182956,0.537734
4.032e-06,0.179131,0.54709
4.064e-06,0.176426,0.555879
4.096e-06,0.17683,0.565781
4.128e-06,0.173845,0.57541
4.160e-06,0.168901,0.584512
4.192e-06,0.167253,0.592656
4.224e-06,0.16632,0.601074
4.256e-06,0.161656,0.608867
4.288e-06,0.160288,0.616172
4.320e-06,0.156899,0.623887
4.352e-06,0.152888,0.63084
4.384e-06,0.152235,0.637949
4.416e-06,0.149343,0.644805
4.448e-06,0.143467,0.652109
4.480e-06,0.143093,0.658242
4.512e-06,0.138585,0.664766
4.544e-06,0.135817,0.670234
4.576e-06,0.13389,0.676211
4.608e-06,0.130376,0.682813
4.640e-06,0.127329,0.687285
4.672e-06,0.124686,0.693379
4.704e-06,0.12055,0.698906
4.736e-06,0.119462,0.702598
4.768e-06,0.115575,0.708047
4.800e-06,0.112155,0.712813
4.832e-06,0.111471,0.715781
4.864e-06,0.10575,0.719219
4.896e-06,0.10547,0.723359
4.928e-06,0.101894,0.726582
4.960e-06,0.0976033,0.729414
4.992e-06,0.0967016,0.731465
5.024e-06,0.092877,0.734902
5.056e-06,0.0883684,0.737363
5.088e-06,0.0871247,0.739414
5.120e-06,0.0819009,0.740488
5.152e-06,0.0797866,0.741113
5.184e-06,0.0780453,0.742754
5.216e-06,0.0725106,0.744648
5.248e-06,0.068655,0.744785
5.280e-06,0.0661364,0.746016
5.312e-06,0.0642086,0.746211
5.344e-06,0.0608194,0.746445
5.376e-06,0.0573369,0.746602
5.408e-06,0.0529837,0.746152
5.440e-06,0.0488483,0.745723
5.472e-06,0.0482264,0.746348
5.504e-06,0.0444951,0.744844
5.536e-06,0.0406395,0.74377
5.568e-06,0.0384319,0.742363
5.600e-06,0.0347628,0.740879
5.632e-06,0.0327417,0.740293
5.664e-06,0.0288861,0.737441
5.696e-06,0.02587,0.735
5.728e-06,0.0209572,0.733105
5.760e-06,0.0196512,0.730762
5.792e-06,0.0171016,0.728945
5.824e-06,0.0140233,0.725039
5.856e-06,0.00957687,0.721758
5.888e-06,0.00808437,0.718809
5.920e-06,0.00425983,0.715293
5.952e-06,0.00118155,0.711992
5.984e-06,-0.000497509,0.70793
6.016e-06,-0.0055036,0.703418
6.048e-06,-0.00693392,0.698477
6.080e-06,-0.00973235,0.694785
6.112e-06,-0.0131527,0.690098
6.144e-06,-0.0156091,0.683965
6.176e-06,-0.0181588,0.679434
6.208e-06,-0.0212992,0.674297
6.240e-06,-0.0239733,0.66957
6.272e-06,-0.0267095,0.663906
6.304e-06,-0.0293836,0.658613
6.336e-06,-0.0310316,0.652129
6.368e-06,-0.0354158,0.645938
6.400e-06,-0.0373436,0.639727
6.432e-06,-0.0397067,0.632305
6.464e-06,-0.0409816,0.626992
6.496e-06,-0.0449927,0.619453
6.528e-06,-0.0472003,0.613535
6.560e-06,-0.0502164,0.607129
6.592e-06,-0.0524863,0.599434
6.624e-06,-0.0541964,0.59209
6.656e-06,-0.0563108,0.586035
6.688e-06,-0.0598866,0.578008
6.720e-06,-0.0628405,0.570332
6.752e-06,-0.06368,0.562168
6.784e-06,-0.0668205,0.554121
6.816e-06,-0.0684995,0.547109
6.848e-06,-0.0700542,0.538867
6.880e-06,-0.0735989,0.531758
6.912e-06,-0.0758688,0.52248
6.944e-06,-0.07761,0.513945
6.976e-06,-0.0783874,0.506426
7.008e-06,-0.0821808,0.496191
7.040e-06,-0.0843574,0.487383
7.072e-06,-0.0848238,0.478496
7.104e-06,-0.0869692,0.468359
7.136e-06,-0.0867827,0.459805
7.168e-06,-0.0902652,0.450645
7.200e-06,-0.09353,0.441504
7.232e-06,-0.0938099,0.431641
7.264e-06,-0.0953956,0.422227
7.296e-06,-0.0960175,0.411133
7.328e-06,-0.101055,0.402344
7.360e-06,-0.101801,0.39209
7.392e-06,-0.101801,0.383047
7.424e-06,-0.102205,0.373242
7.456e-06,-0.102796,0.364336
7.488e-06,-0.106278,0.353828
7.520e-06,-0.108268,0.342813
7.552e-06,-0.109761,0.333828
7.584e-06,-0.110383,0.323418
7.616e-06,-0.111098,0.312773
7.648e-06,-0.11343,0.303184
7.680e-06,-0.114736,0.29373
7.712e-06,-0.115451,0.283652
7.744e-06,-0.115731,0.273438
7.776e-06,-0.118125,0.263066
7.808e-06,-0.117752,0.252656
7.840e-06,-0.118716,0.243242
7.872e-06,-0.119555,0.232813
7.904e-06,-0.121452,0.221563
7.936e-06,-0.122292,0.211758
7.968e-06,-0.124064,0.201934
8.000e-06,-0.124748,0.191777
8.032e-06,-0.12537,0.181016
8.064e-06,-0.12537,0.170332
8.096e-06,-0.12652,0.16043
8.128e-06,-0.126863,0.150547
8.160e-06,-0.126707,0.140176
8.192e-06,-0.126396,0.129492
8.224e-06,-0.12652,0.120117
8.256e-06,-0.126583,0.110176
8.288e-06,-0.126925,0.0999609
8.320e-06,-0.127951,0.0903125
8.352e-06,-0.129101,0.0791406
8.384e-06,-0.129537,0.0689648
8.416e-06,-0.128417,0.0583789
8.448e-06,-0.129505,0.0490039
8.480e-06,-0.128604,0.0390234
8.512e-06,-0.128635,0.0288086
8.544e-06,-0.128853,0.0195117
8.576e-06,-0.130034,0.00962891
8.608e-06,-0.12879,-0.000156244
8.640e-06,-0.129972,-0.0102539
8.672e-06,-0.12879,-0.0203125
8.704e-06,-0.127484,-0.0308398
8.736e-06,-0.127298,-0.0400195
8.768e-06,-0.128728,-0.0486523
8.800e-06,-0.126956,-0.0597266
8.832e-06,-0.126738,-0.0682812
8.864e-06,-0.1268,-0.0774219
8.896e-06,-0.125836,-0.0866797
8.928e-06,-0.126863,-0.0951953
8.960e-06,-0.12537,-0.105547
8.992e-06,-0.12537,-0.113945
9.024e-06,-0.12338,-0.12291
9.056e-06,-0.123349,-0.131426
9.088e-06,-0.122198,-0.141016
9.120e-06,-0.12223,-0.149707
9.152e-06,-0.120208,-0.158887
9.184e-06,-0.118592,-0.167715
9.216e-06,-0.119151,-0.175742
9.248e-06,-0.118218,-0.184902
9.280e-06,-0.118001,-0.192793
9.312e-06,-0.117099,-0.200039
9.344e-06,-0.116073,-0.208613
9.376e-06,-0.115327,-0.217656
9.408e-06,-0.113243,-0.225645
9.440e-06,-0.112746,-0.233789
9.472e-06,-0.109916,-0.241367
9.504e-06,-0.109948,-0.24957
9.536e-06,-0.10945,-0.255859
9.568e-06,-0.107989,-0.262773
9.600e-06,-0.106558,-0.270176
9.632e-06,-0.103014,-0.276953
9.664e-06,-0.10205,-0.284238
9.696e-06,-0.10205,-0.291758
9.728e-06,-0.101863,-0.297988
9.760e-06,-0.100713,-0.303867
9.792e-06,-0.0972613,-0.310977
9.824e-06,-0.0977588,-0.318418
9.856e-06,-0.0952402,-0.323906
9.888e-06,-0.0948049,-0.33002
9.920e-06,-0.0926594,-0.335469
9.952e-06,-0.0910736,-0.341582
9.984e-06,-0.0881819,-0.347969
1.002e-05,-0.0880575,-0.353691
1.005e-05,-0.0860053,-0.358184
1.008e-05,-0.0858809,-0.363965
1.011e-05,-0.0850103,-0.369434
1.014e-05,-0.0833624,-0.374883
1.018e-05,-0.080253,-0.379141
1.021e-05,-0.0784184,-0.384277
1.024e-05,-0.07761,-0.388535
1.027e-05,-0.0765217,-0.393125
1.030e-05,-0.0746561,-0.39752
1.034e-05,-0.0710492,-0.401875
1.037e-05,-0.0698366,-0.40498
1.040e-05,-0.0679709,-0.408965
1.043e-05,-0.0659499,-0.412773
1.046e-05,-0.0630892,-0.416582
1.050e-05,-0.0621253,-0.419668
1.053e-05,-0.0612236,-0.423125
1.056e-05,-0.0590159,-0.426191
1.059e-05,-0.0576789,-0.429687
1.062e-05,-0.05373,-0.432637
1.066e-05,-0.0532636,-0.435664
1.069e-05,-0.0528905,-0.436641
1.072e-05,-0.0495324,-0.439316
1.075e-05,-0.0467339,-0.442949
1.078e-05,-0.0453036,-0.445
1.082e-05,-0.0444952,-0.445566
1.085e-05,-0.0429716,-0.447187
1.088e-05,-0.0395202,-0.449199
1.091e-05,-0.0390538,-0.450117
1.094e-05,-0.0370638,-0.452051
1.098e-05,-0.0356334,-0.451953
1.101e-05,-0.0331459,-0.454395
1.104e-05,-0.0304097,-0.455
1.107e-05,-0.0283264,-0.455859
1.110e-05,-0.0276113,-0.456152
1.114e-05,-0.0261188,-0.455645
1.117e-05,-0.0236313,-0.457109
1.120e-05,-0.02189,-0.457285
1.123e-05,-0.0207084,-0.457656
1.126e-05,-0.0170705,-0.458105
1.130e-05,-0.014925,-0.457539
1.133e-05,-0.0145519,-0.457695
1.136e-05,-0.0129972,-0.457461
1.139e-05,-0.00923485,-0.456797
1.142e-05,-0.0075247,-0.455781
1.146e-05,-0.00637423,-0.45541
1.149e-05,-0.00581454,-0.454199
1.152e-05,-0.00192782,-0.453359
1.155e-05,-0.000652978,-0.45125
1.158e-05,0.00127483,-0.450586
1.162e-05,0.00223874,-0.45
1.165e-05,0.00559687,-0.447285
1.168e-05,0.0079289,-0.445801
1.171e-05,0.00935921,-0.445156
1.174e-05,0.00973233,-0.443008
1.178e-05,0.0125308,-0.440527
1.181e-05,0.014583,-0.438125
1.184e-05,0.0163242,-0.435723
1.187e-05,0.0178167,-0.434277
1.190e-05,0.0183453,-0.430977
1.194e-05,0.0218278,-0.428789
1.197e-05,0.0231648,-0.425117
1.200e-05,0.0245951,-0.422891
1.203e-05,0.0258078,-0.420312
1.206e-05,0.0272692,-0.416738
1.210e-05,0.0297567,-0.413633
1.213e-05,0.0324619,-0.410078
1.216e-05,0.0333636,-0.407578
1.219e-05,0.0355401,-0.404316
1.222e-05,0.0379966,-0.400488
1.226e-05,0.0397378,-0.396016
1.229e-05,0.0409816,-0.392324
1.232e-05,0.0404219,-0.387891
1.235e-05,0.0423186,-0.383535
1.238e-05,0.0447128,-0.37998
1.242e-05,0.0464541,-0.375
1.245e-05,0.0481331,-0.371055
1.248e-05,0.0485062,-0.365312
1.251e-05,0.050745,-0.361465
1.254e-05,0.0511803,-0.35791
1.258e-05,0.0556267,-0.352695
1.261e-05,0.0560309,-0.347285
1.264e-05,0.0564351,-0.343262
1.267e-05,0.0566839,-0.337344
1.270e-05,0.0583008,-0.333574
1.274e-05,0.0614723,-0.328359
1.277e-05,0.0647994,-0.322773
1.280e-05,0.0651414,-0.317832
1.283e-05,0.0646439,-0.313066
1.286e-05,0.0654834,-0.306582
1.290e-05,0.0657944,-0.300937
1.293e-05,0.0670692,-0.296562
1.296e-05,0.0700853,-0.290859
1.299e-05,0.0716089,-0.284219
1.302e-05,0.072977,-0.278809
1.306e-05,0.07363,-0.273418
1.309e-05,0.0741275,-0.266016
1.312e-05,0.0754023,-0.260996
1.315e-05,0.0796933,-0.255469
1.318e-05,0.0799109,-0.250469
1.322e-05,0.0807816,-0.244043
1.325e-05,0.0808437,-0.238437
1.328e-05,0.0799109,-0.231738
1.331e-05,0.0811236,-0.225859
1.334e-05,0.0813723,-0.22002
1.338e-05,0.0814034,-0.213613
1.341e-05,0.08358,-0.208066
1.344e-05,0.0840775,-0.201309
1.347e-05,0.0886172,-0.19502
1.350e-05,0.0881197,-0.188711
1.354e-05,0.0887105,-0.183262
1.357e-05,0.0885239,-0.176328
1.360e-05,0.0887726,-0.170586
1.363e-05,0.0892391,-0.163516
1.366e-05,0.0894256,-0.1575
1.370e-05,0.0894878,-0.150801
1.373e-05,0.089208,-0.144336
1.376e-05,0.0907626,-0.137227
1.379e-05,0.0904517,-0.130625
1.382e-05,0.0919442,-0.125195
1.386e-05,0.0935611,-0.118789
1.389e-05,0.0939031,-0.111797
1.392e-05,0.0940275,-0.106562
1.395e-05,0.0950847,-0.0991016
1.398e-05,0.0966705,-0.0933008
1.402e-05,0.0956133,-0.087207
1.405e-05,0.0962041,-0.0817773
1.408e-05,0.0964217,-0.0738281
1.411e-05,0.0963906,-0.0687305
1.414e-05,0.096173,-0.0624609
1.418e-05,0.09552,-0.0554297
1.421e-05,0.0965461,-0.0492187
1.424e-05,0.0963906,-0.0436523
1.427e-05,0.0963906,-0.0361719
1.430e-05,0.0971058,-0.0317383
1.434e-05,0.0970436,-0.0245703
1.437e-05,0.0970747,-0.0180469
1.440e-05,0.0973545,-0.0124023
1.443e-05,0.0957066,-0.00544921
1.446e-05,0.0962351,0.00105469
1.450e-05,0.0970125,0.00666016
1.453e-05,0.0963284,0.0123047
1.456e-05,0.0959864,0.0186914
1.459e-05,0.0963906,0.0237305
1.462e-05,0.0959553,0.0293164
1.466e-05,0.0967326,0.0347656
1.469e-05,0.0962041,0.0405859
1.472e-05,0.0957687,0.0461719
1.475e-05,0.0953334,0.0513672
1.478e-05,0.0946805,0.0574609
1.482e-05,0.0957998,0.0636328
1.485e-05,0.0940586,0.0688281
1.488e-05,0.0936544,0.0748633
1.491e-05,0.0922241,0.0797852
1.494e-05,0.0922551,0.0861914
1.498e-05,0.090887,0.0906055
1.501e-05,0.0894878,0.0966211
1.504e-05,0.0910736,0.101484
1.507e-05,0.0893323,0.106563
1.510e-05,0.0891769,0.111855
1.514e-05,0.0874667,0.116758
1.517e-05,0.0885239,0.121621
1.520e-05,0.087902,0.126172
1.523e-05,0.089208,0.130762
1.526e-05,0.0891458,0.135488
1.530e-05,0.0886483,0.140742
1.533e-05,0.0879953,0.145332
1.536e-05,0.0857255,0.149707
1.539e-05,0.0842951,0.153789
1.542e-05,0.0833934,0.157754
1.546e-05,0.0826161,0.162832
1.549e-05,0.0799731,0.167383
1.552e-05,0.0806572,0.171465
1.555e-05,0.0810925,0.175
1.558e-05,0.0808126,0.179258
1.562e-05,0.0794134,0.183301
1.565e-05,0.0786361,0.187637
1.568e-05,0.0778898,0.190859
1.571e-05,0.0768016,0.195469
1.574e-05,0.0750292,0.198906
1.578e-05,0.0735989,0.202148
1.581e-05,0.0725728,0.206855
1.584e-05,0.0708626,0.210039
1.587e-05,0.0714223,0.213379
1.590e-05,0.0705828,0.216094
1.594e-05,0.0690903,0.220879
1.597e-05,0.0680953,0.223574
1.600e-05,0.0659187,0.226289
1.603e-05,0.0659187,0.228887
1.606e-05,0.0644884,0.231172
1.610e-05,0.0649859,0.234629
1.613e-05,0.0643641,0.237207
1.616e-05,0.0638044,0.239551
1.619e-05,0.0632136,0.24293
1.622e-05,0.0598866,0.244258
1.626e-05,0.0585495,0.246777
1.629e-05,0.0563419,0.248945
1.632e-05,0.0564351,0.25125
1.635e-05,0.0554091,0.2525
1.638e-05,0.0561553,0.254707
1.642e-05,0.0541342,0.256855
1.645e-05,0.0509626,0.258477
1.648e-05,0.0513669,0.260508
1.651e-05,0.04975,0.263066
1.654e-05,0.0483508,0.264219
1.658e-05,0.0484441,0.265
1.661e-05,0.0472314,0.266523
1.664e-05,0.046423,0.26834
1.667e-05,0.0440287,0.268457
1.670e-05,0.0415723,0.270293
1.674e-05,0.0408572,0.270605
1.677e-05,0.0405773,0.271113
1.680e-05,0.0407017,0.272676
1.683e-05,0.0384941,0.272617
1.686e-05,0.0371881,0.27293
1.690e-05,0.035478,0.273984
1.693e-05,0.03383,0.275
1.696e-05,0.0330837,0.275332
1.699e-05,0.0310316,0.276035
1.702e-05,0.0312181,0.276094
1.706e-05,0.0287928,0.275332
1.709e-05,0.0269583,0.275879
1.712e-05,0.0259322,0.275605
1.715e-05,0.025528,0.276172
1.718e-05,0.0244397,0.275332
1.722e-05,0.0240976,0.275547
1.725e-05,0.02189,0.275898
1.728e-05,0.0221387,0.275
1.731e-05,0.0197756,0.274766
1.734e-05,0.0183764,0.273594
1.738e-05,0.0173814,0.27334
1.741e-05,0.0161998,0.272129
1.744e-05,0.0143653,0.270801
1.747e-05,0.0153603,0.270684
1.750e-05,0.0136191,0.27
1.754e-05,0.0113803,0.268984
1.757e-05,0.0114425,0.26791
1.760e-05,0.00985671,0.266699
1.763e-05,0.00827093,0.265879
1.766e-05,0.00870624,0.263594
1.770e-05,0.00830202,0.263867
1.773e-05,0.00736921,0.261484
1.776e-05,0.00531702,0.260781
1.779e-05,0.00286062,0.258164
1.782e-05,0.000901709,0.256582
1.786e-05,0.00136812,0.254688
1.789e-05,0.00111937,0.253594
1.792e-05,-0.000715166,0.251133
1.795e-05,-0.00143032,0.249902
1.798e-05,-0.00258079,0.247441
1.802e-05,-0.00398001,0.245723
1.805e-05,-0.00618767,0.243145
1.808e-05,-0.00537923,0.24168
1.811e-05,-0.00665407,0.23877
1.814e-05,-0.00736923,0.236836
1.818e-05,-0.00827095,0.233887
1.821e-05,-0.0119711,0.231191
1.824e-05,-0.0109139,0.229727
1.827e-05,-0.0127795,0.22707
1.830e-05,-0.0143964,0.22416
1.834e-05,-0.0143964,0.220527
1.837e-05,-0.0143964,0.218809
1.840e-05,-0.0156091,0.215918
1.843e-05,-0.0166041,0.213066
1.846e-05,-0.0165419,0.210762
1.850e-05,-0.0189361,0.207578
1.853e-05,-0.0199,0.203535
1.856e-05,-0.0209572,0.201348
1.859e-05,-0.020553,0.198203
1.862e-05,-0.02189,0.194863
1.866e-05,-0.0221388,0.191387
1.869e-05,-0.0223564,0.188652
1.872e-05,-0.0230405,0.185
1.875e-05,-0.0241288,0.181582
1.878e-05,-0.0242842,0.178477
1.882e-05,-0.02587,0.17502
1.885e-05,-0.0288239,0.171504
1.888e-05,-0.0280466,0.168984
1.891e-05,-0.0289483,0.164766
1.894e-05,-0.0286684,0.160488
1.898e-05,-0.02985,0.157813
1.901e-05,-0.0297256,0.154766
1.904e-05,-0.0304719,0.150957
1.907e-05,-0.0301609,0.148438
1.910e-05,-0.031498,0.143945
1.914e-05,-0.0313425,0.140273
1.917e-05,-0.0324619,0.136016
1.920e-05,-0.0322442,0.132402
1.923e-05,-0.0326795,0.129824
1.926e-05,-0.0339544,0.124961
1.930e-05,-0.0347006,0.121699
1.933e-05,-0.0354469,0.118516
1.936e-05,-0.0366906,0.114512
1.939e-05,-0.0368772,0.110449
1.942e-05,-0.0371259,0.106523
1.946e-05,-0.03781,0.102676
1.949e-05,-0.0382453,0.0998633
1.952e-05,-0.0385563,0.0958789
1.955e-05,-0.0385874,0.0919336
1.958e-05,-0.03781,0.0884375
1.962e-05,-0.0379966,0.0839063
1.965e-05,-0.0384319,0.0810156
1.968e-05,-0.0393336,0.0761133
1.971e-05,-0.0391159,0.0723047
1.974e-05,-0.0385874,0.0675781
1.978e-05,-0.0390538,0.0641602
1.981e-05,-0.0396134,0.0601758
1.984e-05,-0.0394269,0.0567383
1.987e-05,-0.0410749,0.0530469
1.990e-05,-0.0394269,0.0483594
1.994e-05,-0.0392092,0.0453125
1.997e-05,-0.0406084,0.0412109
2.000e-05,-0.0415724,0.0369336
2.003e-05,-0.0408572,0.0329297
2.006e-05,-0.0400488,0.0309766
2.010e-05,-0.0406706,0.0267969
2.013e-05,-0.0429405,0.0219141
2.016e-05,-0.0420077,0.0196094
2.019e-05,-0.0421942,0.0157031
2.022e-05,-0.0398933,0.0114648
2.026e-05,-0.0398933,0.00865235
2.029e-05,-0.0411681,0.00406251
2.032e-05,-0.0422253,-0.000234369
2.035e-05,-0.041137,-0.00283203
2.038e-05,-0.0408261,-0.00675781
2.042e-05,-0.0413547,-0.0112695
2.045e-05,-0.0410127,-0.0150586
2.048e-05,-0.0420077,-0.0177734
2.051e-05,-0.0401731,-0.0208008
2.054e-05,-0.0399866,-0.025
2.058e-05,-0.0398,-0.0288867
2.061e-05,-0.0400488,-0.0322461
2.064e-05,-0.039147,-0.0345117
2.067e-05,-0.0389916,-0.0389258
2.070e-05,-0.0396756,-0.0424609
2.074e-05,-0.0398,-0.045918
2.077e-05,-0.0393958,-0.049375
2.080e-05,-0.0391159,-0.053457
2.083e-05,-0.03781,-0.0554883
2.086e-05,-0.0382453,-0.0591992
2.090e-05,-0.0384008,-0.0628125
2.093e-05,-0.0387117,-0.0654297
2.096e-05,-0.0379655,-0.0685547
2.099e-05,-0.0382764,-0.0721484
2.102e-05,-0.03781,-0.075293
2.106e-05,-0.0379344,-0.0773437
2.109e-05,-0.0381209,-0.0813672
2.112e-05,-0.0373747,-0.0849219
2.115e-05,-0.0367217,-0.0862695
2.118e-05,-0.036473,-0.089707
2.122e-05,-0.0359444,-0.0922266
2.125e-05,-0.0361931,-0.0949219
2.128e-05,-0.0353536,-0.0971875
2.131e-05,-0.0328039,-0.100469
2.134e-05,-0.0343275,-0.103066
2.138e-05,-0.0324619,-0.105762
2.141e-05,-0.0332703,-0.107695
2.144e-05,-0.0319644,-0.110293
2.147e-05,-0.0313736,-0.11293
2.150e-05,-0.0304719,-0.11627
2.154e-05,-0.0303164,-0.117324
2.157e-05,-0.02985,-0.12043
2.160e-05,-0.0300988,-0.122656
2.163e-05,-0.0288861,-0.124531
2.166e-05,-0.0289794,-0.126875
2.170e-05,-0.0291038,-0.12877
2.173e-05,-0.028513,-0.13082
2.176e-05,-0.0265541,-0.133242
2.179e-05,-0.0266784,-0.135
2.182e-05,-0.0235069,-0.136895
2.186e-05,-0.0247817,-0.137734
2.189e-05,-0.0229783,-0.139941
2.192e-05,-0.0228228,-0.14252
2.195e-05,-0.0226984,-0.144199
2.198e-05,-0.0222631,-0.14582
2.202e-05,-0.02189,-0.147285
2.205e-05,-0.02189,-0.148008
2.208e-05,-0.0209883,-0.15043
2.211e-05,-0.0203975,-0.152344
2.214e-05,-0.0198378,-0.154395
2.218e-05,-0.0189361,-0.155195
2.221e-05,-0.0190916,-0.156719
2.224e-05,-0.0174747,-0.158125
2.227e-05,-0.0159511,-0.159297
2.230e-05,-0.0147384,-0.159922
2.234e-05,-0.0153914,-0.160645
2.237e-05,-0.0151738,-0.162187
2.240e-05,-0.0148317,-0.163828
2.243e-05,-0.01393,-0.163984
2.246e-05,-0.0132459,-0.165371
2.250e-05,-0.0120644,-0.166055
2.253e-05,-0.0119711,-0.165625
2.256e-05,-0.0106652,-0.166758
2.259e-05,-0.00855079,-0.168437
2.262e-05,-0.00796001,-0.168301
2.266e-05,-0.00730704,-0.169219
2.269e-05,-0.00721376,-0.169434
2.272e-05,-0.00643642,-0.169609
2.275e-05,-0.00643642,-0.169863
2.278e-05,-0.00597001,-0.170176
2.282e-05,-0.00509938,-0.170273
2.285e-05,-0.00326485,-0.169941
2.288e-05,-0.00342032,-0.170703
2.291e-05,-0.00226985,-0.170391
2.294e-05,-0.000963916,-0.170586
2.298e-05,-0.000870634,-0.171641
2.301e-05,0.000342022,-0.170684
2.304e-05,0.000590772,-0.17082
2.307e-05,0.00105718,-0.170234
2.310e-05,0.00139921,-0.17041
2.314e-05,0.0024564,-0.170195
2.317e-05,0.00376233,-0.169668
2.320e-05,0.00447749,-0.169121
2.323e-05,0.00447749,-0.16998
2.326e-05,0.00774233,-0.16918
2.330e-05,0.00833312,-0.168301
2.333e-05,0.00926593,-0.167578
2.336e-05,0.0084264,-0.166914
2.339e-05,0.00911046,-0.165937
2.342e-05,0.00855077,-0.165879
2.346e-05,0.00967015,-0.164453
2.349e-05,0.00948358,-0.163145
2.352e-05,0.0104164,-0.161641
2.355e-05,0.0104164,-0.162617
2.358e-05,0.0108828,-0.161016
2.362e-05,0.0120022,-0.15998
2.365e-05,0.0136501,-0.16
2.368e-05,0.0141476,-0.15877
2.371e-05,0.0157956,-0.158008
2.374e-05,0.0164175,-0.157129
2.378e-05,0.0161687,-0.155859
2.381e-05,0.0163864,-0.153906
2.384e-05,0.0169461,-0.152656
2.387e-05,0.0176301,-0.151309
2.390e-05,0.0179722,-0.149746
2.394e-05,0.0183764,-0.147617
2.397e-05,0.0192159,-0.145937
2.400e-05,0.0190605,-0.144707
2.403e-05,0.0210194,-0.143711
2.406e-05,0.0230094,-0.141641
2.410e-05,0.023227,-0.139746
2.413e-05,0.0230716,-0.138086
2.416e-05,0.0221387,-0.136875
2.419e-05,0.0235691,-0.134277
2.422e-05,0.0241909,-0.133437
2.426e-05,0.0248128,-0.131523
2.429e-05,0.0238489,-0.129434
2.432e-05,0.0252792,-0.127754
2.435e-05,0.0254969,-0.126016
2.438e-05,0.02587,-0.125625
2.442e-05,0.0272381,-0.123496
2.445e-05,0.0259944,-0.120879
2.448e-05,0.0275491,-0.11916
2.451e-05,0.0286684,-0.117129
2.454e-05,0.0303786,-0.115449
2.458e-05,0.0312492,-0.113437
2.461e-05,0.0313114,-0.111523
2.464e-05,0.0313425,-0.109355
2.467e-05,0.0328039,-0.106387
2.470e-05,0.0333636,-0.104902
2.474e-05,0.0325241,-0.102637
2.477e-05,0.0320576,-0.100332
2.480e-05,0.0333014,-0.097832
2.483e-05,0.0336434,-0.0968359
2.486e-05,0.0339855,-0.0941602
2.490e-05,0.0325862,-0.0925781
2.493e-05,0.0329283,-0.0905078
2.496e-05,0.0342031,-0.0877539
2.499e-05,0.0339855,-0.0855469
2.502e-05,0.0352292,-0.0838672
2.506e-05,0.0354158,-0.0816406
2.509e-05,0.035167,-0.0783594
2.512e-05,0.0375612,-0.0764844
2.515e-05,0.0363175,-0.0744727
2.518e-05,0.0373747,-0.0719922
2.522e-05,0.0386806,-0.0697266
2.525e-05,0.038152,-0.0669336
2.528e-05,0.0388361,-0.0643555
2.531e-05,0.0387428,-0.0618945
2.534e-05,0.0396756,-0.0603516
2.538e-05,0.0394269,-0.0579883
2.541e-05,0.0401109,-0.055
2.544e-05,0.0393647,-0.0521289
2.547e-05,0.0400176,-0.0505664
2.550e-05,0.0406395,-0.0483203
2.554e-05,0.0413547,-0.0458203
2.557e-05,0.0413547,-0.0428906
2.560e-05,0.0412614,-0.0405078
2.563e-05,0.0407017,-0.0391602
2.566e-05,0.04179,-0.036543
2.570e-05,0.041137,-0.0335352
2.573e-05,0.0409816,-0.0319141
2.576e-05,0.0415412,-0.0294922
2.579e-05,0.0414791,-0.0261328
2.582e-05,0.0404219,-0.0247461
2.586e-05,0.0410748,-0.0219141
2.589e-05,0.0403597,-0.0194336
2.592e-05,0.0413547,-0.0169141
2.595e-05,0.0410437,-0.0149219
2.598e-05,0.0403908,-0.0123828
2.602e-05,0.0407639,-0.00992187
2.605e-05,0.0414169,-0.00679687
2.608e-05,0.0411059,-0.00445312
2.611e-05,0.0400487,-0.00185546
2.614e-05,0.0403286,-0.000468744
2.618e-05,0.0413858,0.00273438
2.621e-05,0.0403908,0.00441407
2.624e-05,0.0399555,0.00585938
2.627e-05,0.0398311,0.00882813
2.630e-05,0.0407328,0.01125
2.634e-05,0.0401731,0.0139844
2.637e-05,0.0397689,0.0150586
2.640e-05,0.0416034,0.0175195
2.643e-05,0.0412614,0.0189063
2.646e-05,0.0402042,0.0199805
2.650e-05,0.0397378,0.0235352
2.653e-05,0.0403908,0.0249805
2.656e-05,0.0405151,0.0270117
2.659e-05,0.0408261,0.03
2.662e-05,0.0409194,0.0308008
2.666e-05,0.0410126,0.0336328
2.669e-05,0.0389605,0.0354102
2.672e-05,0.0400487,0.0377148
2.675e-05,0.0403597,0.0395508
2.678e-05,0.0402975,0.0408398
2.682e-05,0.0393958,0.0427734
2.685e-05,0.0384319,0.0444922
2.688e-05,0.0391781,0.0462109
2.691e-05,0.0383075,0.0474023
2.694e-05,0.038463,0.0497461
2.698e-05,0.0372503,0.0508789
2.701e-05,0.037157,0.0536523
2.704e-05,0.0357267,0.0556055
2.707e-05,0.0366595,0.0574609
2.710e-05,0.0345141,0.0579492
2.714e-05,0.0352914,0.060293
2.717e-05,0.0346695,0.0616797
2.720e-05,0.0334258,0.063457
2.723e-05,0.03383,0.064375
2.726e-05,0.0335191,0.0665625
2.730e-05,0.0333636,0.0686914
2.733e-05,0.0324619,0.0697266
2.736e-05,0.0329283,0.0725391
2.739e-05,0.0322131,0.0730859
2.742e-05,0.0341098,0.074707
2.746e-05,0.0320887,0.0756445
2.749e-05,0.0316223,0.0772852
2.752e-05,0.0320266,0.0789844
2.755e-05,0.0314358,0.0800391
2.758e-05,0.0330216,0.0813477
2.762e-05,0.032182,0.0827148
2.765e-05,0.0315912,0.0836523
2.768e-05,0.0310005,0.0851758
2.771e-05,0.0301609,0.0857422
2.774e-05,0.0294769,0.0869922
2.778e-05,0.0286062,0.0880859
2.781e-05,0.0268028,0.0891406
2.784e-05,0.0277978,0.09
2.787e-05,0.0262742,0.0908398
2.790e-05,0.0261187,0.0922461
2.794e-05,0.0249994,0.0928906
2.797e-05,0.0249372,0.0941211
2.800e-05,0.0250926,0.094707
2.803e-05,0.02587,0.0955859
2.806e-05,0.024222,0.0966797
2.810e-05,0.0247817,0.0970117
2.813e-05,0.0239422,0.098125
2.816e-05,0.0242531,0.0991602
2.819e-05,0.0238178,0.0994141
2.822e-05,0.0239733,0.0998438
2.826e-05,0.0225741,0.100566
2.829e-05,0.0220144,0.100566
2.832e-05,0.0211437,0.100566
2.835e-05,0.0201176,0.101348
2.838e-05,0.0201176,0.101484
2.842e-05,0.0185319,0.101992
2.845e-05,0.0183764,0.102793
2.848e-05,0.0169772,0.102813
2.851e-05,0.0175369,0.102207
2.854e-05,0.01791,0.103105
2.858e-05,0.0164797,0.103848
2.861e-05,0.0167906,0.104219
2.864e-05,0.0171948,0.103848
2.867e-05,0.017568,0.10377
2.870e-05,0.0164797,0.10418
2.874e-05,0.0158889,0.103926
2.877e-05,0.0153914,0.104473
2.880e-05,0.0148628,0.10373
2.883e-05,0.0160133,0.104492
2.886e-05,0.0141476,0.104121
2.890e-05,0.0145519,0.104492
2.893e-05,0.0114736,0.104141
2.896e-05,0.0128106,0.104258
2.899e-05,0.0123131,0.10416
2.902e-05,0.0111937,0.103418
2.906e-05,0.0107895,0.102637
2.909e-05,0.0099189,0.103125
2.912e-05,0.00994999,0.102363
2.915e-05,0.0088928,0.101973
2.918e-05,0.00805327,0.102031
2.922e-05,0.00895499,0.101172
2.925e-05,0.0078978,0.100801
2.928e-05,0.00973233,0.100293
2.931e-05,0.00907937,0.100469
2.934e-05,0.00879952,0.0996875
2.938e-05,0.00836421,0.1
2.941e-05,0.00820874,0.0986133
2.944e-05,0.00823983,0.0988281
2.947e-05,0.00705827,0.0985352
2.950e-05,0.00587671,0.0973633
2.954e-05,0.00746249,0.0966992
2.957e-05,0.00534812,0.0964844
2.960e-05,0.00404218,0.0956836
2.963e-05,0.00385562,0.0949609
2.966e-05,0.0039178,0.0944922
2.970e-05,0.00326483,0.0935547
2.973e-05,0.0024564,0.0923633
2.976e-05,0.00177233,0.0915039
2.979e-05,0.00198999,0.0910742
2.982e-05,0.00161687,0.089707
2.986e-05,0.000963897,0.0884766
2.989e-05,0.00130593,0.0872852
2.992e-05,0.000621866,0.0865234
2.995e-05,0.000994991,0.0858594
2.998e-05,0.000528584,0.0845117
3.002e-05,-0.0010261,0.0839063
3.005e-05,-0.000590791,0.0825586
3.008e-05,-0.00130595,0.0811914
3.011e-05,0.000124366,0.0801367
3.014e-05,-0.00111938,0.0794922
3.018e-05,-0.0030472,0.0787891
3.021e-05,-0.00208329,0.077793
3.024e-05,-0.00295392,0.076875
3.027e-05,-0.0040422,0.0758984
3.030e-05,-0.00370017,0.074082
3.034e-05,-0.00394892,0.073457
3.037e-05,-0.00363798,0.0719727
3.040e-05,-0.00528595,0.0704492
3.043e-05,-0.00444642,0.0690625
3.046e-05,-0.00634313,0.0669531
3.050e-05,-0.00597001,0.0661914
3.053e-05,-0.00624985,0.0651953
3.056e-05,-0.00674735,0.0646875
3.059e-05,-0.00637423,0.0624414
3.062e-05,-0.00684063,0.0599609
3.066e-05,-0.00684063,0.0602734
3.069e-05,-0.00674735,0.0589453
3.072e-05,-0.00736923,0.0557617
3.075e-05,-0.00696501,0.0551953
3.078e-05,-0.00740032,0.0537109
3.082e-05,-0.0064986,0.0528711
3.085e-05,-0.00761798,0.0508398
3.088e-05,-0.00758688,0.0499219
3.091e-05,-0.00823985,0.0482227
3.094e-05,-0.00736923,0.0475977
3.098e-05,-0.00743142,0.045918
3.101e-05,-0.0079911,0.0441016
3.104e-05,-0.00942142,0.0434766
3.107e-05,-0.00839532,0.0413281
3.110e-05,-0.00932813,0.040332
3.114e-05,-0.00960798,0.0389258
3.117e-05,-0.00904829,0.0371484
3.120e-05,-0.0101055,0.0359961
3.123e-05,-0.0095147,0.0338281
3.126e-05,-0.0107895,0.0326563
3.130e-05,-0.0099811,0.0321094
3.133e-05,-0.0115669,0.0303125
3.136e-05,-0.0116602,0.0289844
3.139e-05,-0.0114736,0.0272461
3.142e-05,-0.0118467,0.0262305
3.146e-05,-0.0111938,0.0244141
3.149e-05,-0.0115358,0.0241992
3.152e-05,-0.0113181,0.0222656
3.155e-05,-0.0108517,0.0208008
3.158e-05,-0.0117224,0.0195117
3.162e-05,-0.0111938,0.0185547
3.165e-05,-0.0126552,0.0164648
3.168e-05,-0.0117224,0.0153125
3.171e-05,-0.0108828,0.01375
3.174e-05,-0.0113803,0.0131641
3.178e-05,-0.0121888,0.0112891
3.181e-05,-0.0119711,0.00945313
3.184e-05,-0.0112249,0.00859376
3.187e-05,-0.0114114,0.00673829
3.190e-05,-0.0124997,0.00478516
3.194e-05,-0.0124997,0.00359376
3.197e-05,-0.0128417,0.0028711
3.200e-05,-0.0129661,0.00103516
3.203e-05,-0.0120644,3.90685e-05
3.206e-05,-0.0123442,-0.00134765
3.210e-05,-0.0113803,-0.00376953
3.213e-05,-0.0123442,-0.00412109
3.216e-05,-0.01194,-0.00595703
3.219e-05,-0.0119711,-0.00761718
3.222e-05,-0.0113803,-0.0086914
3.226e-05,-0.0111627,-0.0102734
3.229e-05,-0.0117224,-0.0112109
3.232e-05,-0.0124997,-0.0124023
3.235e-05,-0.01194,-0.0143164
3.238e-05,-0.0120333,-0.0157617
3.242e-05,-0.0122199,-0.0160547
3.245e-05,-0.0101677,-0.0161914
3.248e-05,-0.010603,-0.0183594
3.251e-05,-0.0105408,-0.0206445
3.254e-05,-0.0108517,-0.0215234
3.258e-05,-0.00963907,-0.0220898
3.261e-05,-0.0102609,-0.0236523
3.264e-05,-0.0117224,-0.0248633
3.267e-05,-0.0100433,-0.0272461
3.270e-05,-0.00942142,-0.0289844
3.274e-05,-0.00988782,-0.0292969
3.277e-05,-0.00970126,-0.03
3.280e-05,-0.00861298,-0.0308789
3.283e-05,-0.00926595,-0.0327344
3.286e-05,-0.00811548,-0.0331055
3.290e-05,-0.00733813,-0.0342578
3.293e-05,-0.00715157,-0.0352539
3.296e-05,-0.00855079,-0.0369141
3.299e-05,-0.00718267,-0.0372266
3.302e-05,-0.00873735,-0.0383594
3.306e-05,-0.0075247,-0.0383984
3.309e-05,-0.00721376,-0.0402344
3.312e-05,-0.00733813,-0.040957
3.315e-05,-0.00696501,-0.041875
3.318e-05,-0.00690282,-0.0427734
3.322e-05,-0.00656079,-0.0447266
3.325e-05,-0.00687173,-0.045
3.328e-05,-0.00677845,-0.0457617
3.331e-05,-0.00690282,-0.0470898
3.334e-05,-0.00668517,-0.0482031
3.338e-05,-0.00708938,-0.0491406
3.341e-05,-0.00677845,-0.0494141
3.344e-05,-0.00708938,-0.050293
3.347e-05,-0.00618767,-0.0505859
3.350e-05,-0.00696501,-0.050918
3.354e-05,-0.00615657,-0.0524609
3.357e-05,-0.00637423,-0.0523242
3.360e-05,-0.00481954,-0.0529492
3.363e-05,-0.0055036,-0.0535352
3.366e-05,-0.00494392,-0.0549805
3.370e-05,-0.00469517,-0.0549805
3.373e-05,-0.00425985,-0.0560742
3.376e-05,-0.00286063,-0.0558203
3.379e-05,-0.00366907,-0.0558789
3.382e-05,-0.00335813,-0.0566406
3.386e-05,-0.00286063,-0.0580469
3.389e-05,-0.00236313,-0.0578711
3.392e-05,-0.00267407,-0.0578711
3.395e-05,-0.000435322,-0.0592773
3.398e-05,-0.000963916,-0.0602148
3.402e-05,-0.00264298,-0.0602539
3.405e-05,-0.00121267,-0.0608008
3.408e-05,0.000310928,-0.0610937
3.411e-05,-0.000435322,-0.0614453
3.414e-05,0.000963897,-0.061582
3.418e-05,0.000248741,-0.062207
3.421e-05,0.0014303,-0.0620898
3.424e-05,0.000373116,-0.0624805
3.427e-05,0.00152358,-0.0629883
3.430e-05,0.0014614,-0.063418
3.434e-05,0.00133702,-0.0625586
3.437e-05,0.00139921,-0.0633398
3.440e-05,0.0014614,-0.0631641
3.443e-05,0.00161687,-0.0632812
3.446e-05,0.00177233,-0.064707
3.450e-05,0.0024564,-0.0640625
3.453e-05,0.0029228,-0.0642187
3.456e-05,0.00220765,-0.0639844
3.459e-05,0.00366905,-0.0641602
3.462e-05,0.00370015,-0.0640234
3.466e-05,0.00264296,-0.0633789
3.469e-05,0.00478843,-0.0641016
3.472e-05,0.00447749,-0.0635742
3.475e-05,0.00460187,-0.0635156
3.478e-05,0.00516155,-0.0648047
3.482e-05,0.00531702,-0.0637695
3.485e-05,0.00612546,-0.0635937
3.488e-05,0.00845749,-0.0634766
3.491e-05,0.0074314,-0.0635742
3.494e-05,0.00870624,-0.0631641
3.498e-05,0.00727593,-0.0624609
3.501e-05,0.00708937,-0.0626758
3.504e-05,0.00830202,-0.0619531
3.507e-05,0.00904827,-0.0625586
3.510e-05,0.00876843,-0.061582
3.514e-05,0.00967015,-0.0605078
3.517e-05,0.00954577,-0.0609375
3.520e-05,0.0093903,-0.0606836
3.523e-05,0.00823983,-0.0607617
3.526e-05,0.00914155,-0.0591602
3.530e-05,0.00833312,-0.0605078
3.533e-05,0.00814655,-0.059668
3.536e-05,0.00855077,-0.0589844
3.539e-05,0.00898608,-0.0588867
3.542e-05,0.00994999,-0.0584375
3.546e-05,0.0102298,-0.0576367
3.549e-05,0.00954577,-0.0569531
3.552e-05,0.00963905,-0.0570703
3.555e-05,0.00994999,-0.0553125
3.558e-05,0.0104164,-0.0553906
3.562e-05,0.00994999,-0.0555273
3.565e-05,0.0104164,-0.0549414
3.568e-05,0.0104164,-0.0537305
3.571e-05,0.0106651,-0.0531836
3.574e-05,0.010945,-0.0535547
3.578e-05,0.0114425,-0.0524805
3.581e-05,0.0117845,-0.0513672
3.584e-05,0.012593,-0.0508984
3.587e-05,0.0132148,-0.0503125
3.590e-05,0.0127173,-0.0501367
3.594e-05,0.0132459,-0.0504492
3.597e-05,0.0127795,-0.0491797
3.600e-05,0.014925,-0.047832
3.603e-05,0.0149872,-0.0473437
3.606e-05,0.014583,-0.046543
3.610e-05,0.0158267,-0.0478711
3.613e-05,0.0144897,-0.0454492
3.616e-05,0.0152048,-0.0453125
3.619e-05,0.0152981,-0.0441016
3.622e-05,0.0159822,-0.0441992
3.626e-05,0.0159822,-0.0426367
3.629e-05,0.0162931,-0.0413477
3.632e-05,0.0158889,-0.0411719
3.635e-05,0.0167595,-0.0406055
3.638e-05,0.0164175,-0.0392383
3.642e-05,0.0167906,-0.0390625
3.645e-05,0.0169461,-0.0375
3.648e-05,0.016573,-0.0370117
3.651e-05,0.0166973,-0.0361719
3.654e-05,0.01791,-0.0357617
3.658e-05,0.0172259,-0.0349414
3.661e-05,0.0171326,-0.033125
3.664e-05,0.0166041,-0.0322461
3.667e-05,0.0166662,-0.0326562
3.670e-05,0.0170705,-0.0323828
3.674e-05,0.0176301,-0.0306641
3.677e-05,0.0169461,-0.0293945
3.680e-05,0.017568,-0.0288867
3.683e-05,0.0177234,-0.0285937
3.686e-05,0.01791,-0.026875
3.690e-05,0.0165108,-0.0252539
3.693e-05,0.0174747,-0.025
3.696e-05,0.0166973,-0.0242187
3.699e-05,0.0173503,-0.0226953
3.702e-05,0.0174125,-0.0221094
3.706e-05,0.0174747,-0.0212109
3.709e-05,0.01791,-0.0199609
3.712e-05,0.0181276,-0.0198047
3.715e-05,0.0174436,-0.0184375
3.718e-05,0.0183764,-0.0170117
3.722e-05,0.0180655,-0.0165039
3.725e-05,0.0174125,-0.0156836
3.728e-05,0.01791,-0.0144922
3.731e-05,0.0184075,-0.014668
3.734e-05,0.01791,-0.0132422
3.738e-05,0.017257,-0.0128906
3.741e-05,0.0176923,-0.0111523
3.744e-05,0.0183764,-0.0107812
3.747e-05,0.0183764,-0.00916015
3.750e-05,0.0183764,-0.00919921
3.754e-05,0.0177856,-0.00804687
3.757e-05,0.0174436,-0.0061914
3.760e-05,0.01791,-0.00765624
3.763e-05,0.0183764,-0.00457031
3.766e-05,0.018252,-0.00361328
3.770e-05,0.0184697,-0.00279296
3.773e-05,0.0174747,-0.00177734
3.776e-05,0.0186562,-0.00113281
3.779e-05,0.0170705,0.000292975
3.782e-05,0.0183764,0.000292975
3.786e-05,0.01791,0.00134766
3.789e-05,0.0188739,0.00388672
3.792e-05,0.0187495,0.00365235
3.795e-05,0.01791,0.0044336
3.798e-05,0.0178789,0.00460938
3.802e-05,0.01791,0.00513672
3.805e-05,0.0179411,0.00636719
3.808e-05,0.0184075,0.00808594
3.811e-05,0.0186251,0.00794922
3.814e-05,0.0175369,0.00859376
3.818e-05,0.016915,0.00925782
3.821e-05,0.0175369,0.0104688
3.824e-05,0.0174436,0.0108789
3.827e-05,0.0163553,0.012207
3.830e-05,0.0177545,0.0133203
3.834e-05,0.0183764,0.0137891
3.837e-05,0.0171016,0.0145117
3.840e-05,0.0171948,0.0155078
3.843e-05,0.0176301,0.0150391
3.846e-05,0.0176612,0.016582
3.850e-05,0.0174747,0.0176758
3.853e-05,0.0172259,0.0177734
3.856e-05,0.0180344,0.0185156
3.859e-05,0.0177856,0.0195117
3.862e-05,0.0169461,0.0191211
3.866e-05,0.01791,0.02125
3.869e-05,0.0170083,0.0223438
3.872e-05,0.0172259,0.0216602
3.875e-05,0.0170083,0.021875
3.878e-05,0.0160133,0.0230859
3.882e-05,0.0175058,0.0240039
3.885e-05,0.0171016,0.0246094
3.888e-05,0.0166351,0.025
3.891e-05,0.0169461,0.0248828
3.894e-05,0.016573,0.025293
3.898e-05,0.0161066,0.0256445
3.901e-05,0.016915,0.0260352
3.904e-05,0.0162309,0.0273242
3.907e-05,0.0165419,0.0285547
3.910e-05,0.0161066,0.028457
3.914e-05,0.0173192,0.0282813
3.917e-05,0.0170083,0.0289844
3.920e-05,0.0165108,0.0299219
3.923e-05,0.0167906,0.0299219
3.926e-05,0.0163553,0.0304297
3.930e-05,0.0166973,0.0315039
3.933e-05,0.015578,0.0314063
3.936e-05,0.0165108,0.0316016
3.939e-05,0.0165108,0.032207
3.942e-05,0.0164486,0.0336328
3.946e-05,0.0156091,0.0333203
3.949e-05,0.0144586,0.0341406
3.952e-05,0.0149561,0.0339063
3.955e-05,0.0136812,0.0336719
3.958e-05,0.0144586,0.0343555
3.962e-05,0.0136812,0.0343945
3.965e-05,0.0137745,0.0347461
3.968e-05,0.012935,0.0350977
3.971e-05,0.0140855,0.0357227
3.974e-05,0.013588,0.0358008
3.978e-05,0.0132459,0.0363086
3.981e-05,0.0127484,0.0366992
3.984e-05,0.0139922,0.0366211
3.987e-05,0.0120955,0.0382813
3.990e-05,0.0120333,0.0377148
3.994e-05,0.0124686,0.0376367
3.997e-05,0.0121887,0.0380273
4.000e-05,0.0108828,0.0384961
4.003e-05,0.0112559,0.037793
4.006e-05,0.0113492,0.0385156
4.010e-05,0.0103853,0.0386328
4.013e-05,0.0104164,0.0381055
4.016e-05,0.0104164,0.0389453
4.019e-05,0.00994999,0.0388672
4.022e-05,0.00994999,0.0389063
4.026e-05,0.00957687,0.0394141
4.029e-05,0.00960796,0.0386133
4.032e-05,0.00960796,0.0395508
4.035e-05,0.00901718,0.0394141
4.038e-05,0.00858187,0.0388672
4.042e-05,0.00935921,0.0394141
4.045e-05,0.00926593,0.0389844
4.048e-05,0.00817765,0.0395117
4.051e-05,0.00879952,0.0394531
4.054e-05,0.00851968,0.0396094
4.058e-05,0.0088928,0.0394141
4.061e-05,0.00771124,0.0391602
4.064e-05,0.00963905,0.0388867
4.067e-05,0.00945249,0.0393164
4.070e-05,0.00836421,0.0392969
4.074e-05,0.0093903,0.0390039
4.077e-05,0.00864405,0.0391406
4.080e-05,0.00867515,0.0388477
4.083e-05,0.00805327,0.0377539
4.086e-05,0.00864405,0.0376758
4.090e-05,0.00932812,0.0385742
4.093e-05,0.00805327,0.0378906
4.096e-05,0.00932812,0.0377344
4.099e-05,0.00833312,0.0377344
4.102e-05,0.00945249,0.0370313
4.106e-05,0.00802218,0.0371094
4.109e-05,0.00808437,0.0366016
4.112e-05,0.00758687,0.0364648
4.115e-05,0.00817765,0.0358594
4.118e-05,0.0069339,0.035
4.122e-05,0.0064053,0.0361328
4.125e-05,0.00578343,0.0361719
4.128e-05,0.00730702,0.0360547
4.131e-05,0.00702718,0.035
4.134e-05,0.00774233,0.0346875
4.138e-05,0.00509937,0.0348438
4.141e-05,0.00407327,0.0341602
4.144e-05,0.00419765,0.0342188
4.147e-05,0.00466405,0.0340039
4.150e-05,0.00485062,0.0332031
4.154e-05,0.00419765,0.0328516
4.157e-05,0.00404218,0.0333398
4.160e-05,0.00317155,0.0323438
4.163e-05,0.00267405,0.031582
4.166e-05,0.00320265,0.0313867
4.170e-05,0.00335812,0.0315039
4.173e-05,0.0024253,0.0304492
4.176e-05,0.00366905,0.0301953
4.179e-05,0.000715147,0.0302148
4.182e-05,0.00186562,0.0294141
4.186e-05,0.00198999,0.0297266
4.189e-05,0.00152358,0.0288672
4.192e-05,0.00254968,0.0294531
4.195e-05,0.00301608,0.0288867
4.198e-05,0.00254968,0.0279688
4.202e-05,0.00233202,0.02625
4.205e-05,0.00198999,0.0272461
4.208e-05,0.00214546,0.0261523
4.211e-05,0.00158577,0.0257617
4.214e-05,0.0014303,0.0258594
4.218e-05,0.000279834,0.0252734
4.221e-05,0.000435303,0.0244336
4.224e-05,0.000994991,0.0250391
4.227e-05,0.00124374,0.0244141
4.230e-05,3.10843e-05,0.0233008
4.234e-05,0.00180343,0.0229883
4.237e-05,0.000870616,0.0228711
4.240e-05,0.00124374,0.0226563
4.243e-05,0.000652959,0.0210742
4.246e-05,0.00105718,0.0208008
4.250e-05,0.00115046,0.020293
4.253e-05,0.000963897,0.0200781
4.256e-05,0.00158577,0.020293
4.259e-05,0.000808428,0.018418
4.262e-05,0.000590772,0.0189258
4.266e-05,0.000901709,0.0186328
4.269e-05,0.000621866,0.0178711
4.272e-05,0.00152358,0.0168359
4.275e-05,0.00149249,0.0160742
4.278e-05,0.00133702,0.0155664
4.282e-05,0.000155459,0.0151172
4.285e-05,0.000279834,0.0148828
4.288e-05,-0.00115048,0.0142188
4.291e-05,0.000715147,0.0135352
4.294e-05,0.000342022,0.0141211
4.298e-05,0.00155468,0.0124609
4.301e-05,0.000652959,0.0117969
4.304e-05,-6.2197e-05,0.0110547
4.307e-05,0.000279834,0.0108203
4.310e-05,0.000590772,0.00947266
4.314e-05,0.000155459,0.0100586
4.317e-05,-0.000715166,0.00884766
4.320e-05,0.000746241,0.00869141
4.323e-05,0.00214546,0.00851563
4.326e-05,0.000808428,0.00804688
4.330e-05,0.000808428,0.00763672
4.333e-05,-0.000373134,0.00720704
4.336e-05,0.000932803,0.00595704
4.339e-05,0.000404209,0.0056836
4.342e-05,0.00105718,0.00529297
4.346e-05,0.000342022,0.0047461
4.349e-05,-0.000435322,0.00355469
4.352e-05,0.000777334,0.00392579
4.355e-05,-0.000466416,0.00312501
4.358e-05,0.000124366,0.00302735
4.362e-05,-0.000621884,0.00251954
4.365e-05,0.000342022,0.00117188
4.368e-05,0.000373116,0.000507818
4.371e-05,0.000342022,-0.0002539
4.374e-05,0.000248741,-0.00111328
4.378e-05,-0.0010261,-0.00138671
4.381e-05,-0.000279853,-0.000527338
4.384e-05,-0.000404228,-0.00103515
4.387e-05,-9.48906e-09,-0.00183593
4.390e-05,0.000404209,-0.00255859
4.394e-05,0.000901709,-0.00214843
4.397e-05,-0.000279853,-0.00292968
4.400e-05,0.00127483,-0.00427734
4.403e-05,0.00152358,-0.00384765
4.406e-05,3.10843e-05,-0.00558593
4.410e-05,0.000155459,-0.00501953
4.413e-05,-6.2197e-05,-0.00623046
4.416e-05,0.000590772,-0.00669921
4.419e-05,0.000808428,-0.0074414
4.422e-05,0.000746241,-0.00746093
4.426e-05,0.00124374,-0.00851562
4.429e-05,0.000590772,-0.00804687
4.432e-05,0.000373116,-0.00910156
4.435e-05,-9.48906e-09,-0.0109766
4.438e-05,0.000715147,-0.00996093
4.442e-05,0.00111937,-0.010957
4.445e-05,0.00108827,-0.0118359
4.448e-05,0.00108827,-0.0121875
4.451e-05,0.00124374,-0.0116797
4.454e-05,0.000497491,-0.0119336
4.458e-05,0.000901709,-0.0123242
4.461e-05,0.000559678,-0.0126367
4.464e-05,0.000652959,-0.0130078
4.467e-05,9.32718e-05,-0.0138672
4.470e-05,0.00127483,-0.0139844
4.474e-05,0.00115046,-0.0145898
4.477e-05,-0.000155478,-0.014707
4.480e-05,0.00130593,-0.0152734
4.483e-05,0.000963897,-0.0155273
4.486e-05,0.000839522,-0.0152539
4.490e-05,0.000839522,-0.0161719
4.493e-05,0.000839522,-0.0164648
4.496e-05,-6.2197e-05,-0.0169531
4.499e-05,0.000808428,-0.0163477
4.502e-05,0.00111937,-0.0175
4.506e-05,0.000528584,-0.0189453
4.509e-05,0.00167905,-0.018418
4.512e-05,0.000746241,-0.0187109
4.515e-05,0.00177233,-0.0183203
4.518e-05,0.00152358,-0.0190625
4.522e-05,0.0014614,-0.0194727
4.525e-05,0.00111937,-0.0192773
4.528e-05,0.00189671,-0.019707
4.531e-05,0.00202108,-0.019668
4.534e-05,0.00289171,-0.0201367
4.538e-05,0.00298499,-0.0207031
4.541e-05,0.000994991,-0.0202734
4.544e-05,0.00171015,-0.02
4.547e-05,0.0024564,-0.0207812
4.550e-05,0.00332702,-0.0208984
4.554e-05,0.00198999,-0.0211914
4.557e-05,0.0024564,-0.0209766
4.560e-05,0.00202108,-0.0217187
4.563e-05,0.00276733,-0.0214648
4.566e-05,0.0024253,-0.0222266
4.570e-05,0.00307827,-0.0220508
4.573e-05,0.00279843,-0.0227734
4.576e-05,0.0034514,-0.0228125
4.579e-05,0.00370015,-0.0226562
4.582e-05,0.00335812,-0.0235742
4.586e-05,0.00335812,-0.022793
4.589e-05,0.00304718,-0.0232227
4.592e-05,0.00435312,-0.0231641
4.595e-05,0.00447749,-0.0228906
4.598e-05,0.00475733,-0.0231836
4.602e-05,0.0054103,-0.0232031
4.605e-05,0.00528593,-0.0224219
4.608e-05,0.00649858,-0.0229883
4.611e-05,0.00528593,-0.0240625
4.614e-05,0.00659187,-0.0233398
4.618e-05,0.00628093,-0.0233594
4.621e-05,0.00531702,-0.0235937
4.624e-05,0.00668515,-0.0234961
4.627e-05,0.00702718,-0.0233984
4.630e-05,0.00724483,-0.0235937
4.634e-05,0.00715155,-0.0238281
4.637e-05,0.00618765,-0.0237695
4.640e-05,0.00817765,-0.0235742
4.643e-05,0.00718265,-0.0241602
4.646e-05,0.00668515,-0.0233203
4.650e-05,0.00656077,-0.0233984
4.653e-05,0.00758687,-0.0234375
4.656e-05,0.00780452,-0.0232617
4.659e-05,0.00851968,-0.0229883
4.662e-05,0.00873733,-0.0236914
4.666e-05,0.00823983,-0.0234961
4.669e-05,0.00932812,-0.0232617
4.672e-05,0.00861296,-0.0225391
4.675e-05,0.00935921,-0.0230273
4.678e-05,0.0089239,-0.022793
4.682e-05,0.00960796,-0.0225
4.685e-05,0.00752468,-0.0225195
4.688e-05,0.00926593,-0.0217187
4.691e-05,0.00951468,-0.0217969
4.694e-05,0.00845749,-0.0218164
4.698e-05,0.0089239,-0.022207
4.701e-05,0.00954577,-0.0225391
4.704e-05,0.00883062,-0.0222461
4.707e-05,0.00886171,-0.0204883
4.710e-05,0.00808437,-0.0217383
4.714e-05,0.00855077,-0.0223437
4.717e-05,0.00833312,-0.02125
4.720e-05,0.00979452,-0.0202148
4.723e-05,0.00917265,-0.0208008
4.726e-05,0.00985671,-0.0208984
4.730e-05,0.00895499,-0.0199219
4.733e-05,0.00870624,-0.0203711
4.736e-05,0.0089239,-0.0192187
4.739e-05,0.00851968,-0.019707
4.742e-05,0.00907937,-0.0191992
4.746e-05,0.00920374,-0.0195312
4.749e-05,0.00864405,-0.0175977
4.752e-05,0.00907937,-0.0176172
4.755e-05,0.00967015,-0.0178516
4.758e-05,0.00957687,-0.0186914
4.762e-05,0.00820874,-0.0184375
4.765e-05,0.00926593,-0.0176562
4.768e-05,0.00948358,-0.0168359
4.771e-05,0.00963905,-0.0170703
4.774e-05,0.00967015,-0.016543
4.778e-05,0.0089239,-0.0163867
4.781e-05,0.00954577,-0.016875
4.784e-05,0.00898608,-0.0160937
4.787e-05,0.00935921,-0.0154687
4.790e-05,0.00994999,-0.0158398
4.794e-05,0.00879952,-0.014707
4.797e-05,0.00920374,-0.0149414
4.800e-05,0.00923483,-0.0149609
4.803e-05,0.00979452,-0.0143945
4.806e-05,0.00994999,-0.0134961
4.810e-05,0.00914155,-0.0144336
4.813e-05,0.00979452,-0.0137891
4.816e-05,0.00914155,-0.0133594
4.819e-05,0.00967015,-0.0130859
4.822e-05,0.00861296,-0.0133203
4.826e-05,0.00994999,-0.013125
4.829e-05,0.00917265,-0.0113281
4.832e-05,0.00911046,-0.0125781
4.835e-05,0.0100744,-0.0108984
4.838e-05,0.0088928,-0.0119727
4.842e-05,0.00926593,-0.0117969
4.845e-05,0.0093903,-0.0103906
4.848e-05,0.00973233,-0.0106641
4.851e-05,0.00967015,-0.0101953
4.854e-05,0.00923483,-0.00951171
4.858e-05,0.00951468,-0.00906249
4.861e-05,0.00926593,-0.00876953
4.864e-05,0.00994999,-0.00845703
4.867e-05,0.0104786,-0.00691406
4.870e-05,0.0103542,-0.00736328
4.874e-05,0.0107273,-0.00720703
4.877e-05,0.00994999,-0.00707031
4.880e-05,0.0106651,-0.00640624
4.883e-05,0.0103853,-0.00623046
4.886e-05,0.0104164,-0.00560546
4.890e-05,0.0108517,-0.00566406
4.893e-05,0.00932812,-0.00529296
4.896e-05,0.0101366,-0.00373046
4.899e-05,0.0108206,-0.00447265
4.902e-05,0.0103231,-0.00458984
4.906e-05,0.0098878,-0.00355468
4.909e-05,0.0099189,-0.00382812
4.912e-05,0.0106962,-0.00330078
4.915e-05,0.00994999,-0.00261718
4.918e-05,0.0104164,-0.00246093
4.922e-05,0.00929702,-0.00294921
4.925e-05,0.0102298,-0.00177734
4.928e-05,0.010603,-0.00109374
4.931e-05,0.0104786,-0.00128906
4.934e-05,0.0105719,-0.000898432
4.938e-05,0.0108517,-0.000468744
4.941e-05,0.00945249,-0.000175775
4.944e-05,0.00994999,0.000253912
4.947e-05,0.00951468,0.000820318
4.950e-05,0.0108517,0.0006836
4.954e-05,0.0108206,0.00167969
4.957e-05,0.0107584,0.00140626
4.960e-05,0.0105719,0.00195313
4.963e-05,0.0104164,0.00250001
4.966e-05,0.0106651,0.00277344
4.970e-05,0.0102298,0.00181641
4.973e-05,0.00994999,0.00332032
4.976e-05,0.00945249,0.00396485
4.979e-05,0.0103853,0.00296876
4.982e-05,0.0107584,0.00400391
4.986e-05,0.0101055,0.0044336
4.989e-05,0.00994999,0.00398438
4.992e-05,0.00976343,0.00453126
4.995e-05,0.00957687,0.00498047
4.998e-05,0.0104164,0.00490235
5.002e-05,0.00945249,0.00574219
5.005e-05,0.00907937,0.00625001
5.008e-05,0.00948358,0.00677735
5.011e-05,0.0104164,0.00650391
5.014e-05,0.0104475,0.00734376
5.018e-05,0.00998108,0.00748047
5.021e-05,0.0100122,0.00794922
5.024e-05,0.00994999,0.00777344
5.027e-05,0.0104164,0.00812501
5.030e-05,0.0101676,0.00792969
5.034e-05,0.0104164,0.00851563
5.037e-05,0.0084264,0.00886719
5.040e-05,0.0104164,0.0088086
5.043e-05,0.00929702,0.00937501
5.046e-05,0.00976343,0.00812501
5.050e-05,0.00994999,0.00958985
5.053e-05,0.00951468,0.00978516
5.056e-05,0.0094214,0.0100195
5.059e-05,0.00982562,0.00990235
5.062e-05,0.00957687,0.0105469
5.066e-05,0.00994999,0.0113477
5.069e-05,0.00982562,0.0104492
5.072e-05,0.00929702,0.0110156
5.075e-05,0.00954577,0.0119531
5.078e-05,0.00994999,0.0120313
5.082e-05,0.00917265,0.012168
5.085e-05,0.00920374,0.0123047
5.088e-05,0.0089239,0.0130859
5.091e-05,0.00951468,0.0130273
5.094e-05,0.00911046,0.0122461
5.098e-05,0.00914155,0.0128516
5.101e-05,0.0083953,0.0136523
5.104e-05,0.00898608,0.0138672
5.107e-05,0.00898608,0.012832
5.110e-05,0.00967015,0.0135352
5.114e-05,0.00948358,0.0141016
5.117e-05,0.00929702,0.0133203
5.120e-05,0.00920374,0.0138672
5.123e-05,0.00914155,0.0137109
5.126e-05,0.00985671,0.0136133
5.130e-05,0.00873733,0.0139063
5.133e-05,0.00858187,0.0136328
5.136e-05,0.00945249,0.0150586
5.139e-05,0.00851968,0.0143164
5.142e-05,0.00873733,0.015
5.146e-05,0.00994999,0.0148242
5.149e-05,0.00858187,0.0143945
5.152e-05,0.00904827,0.0151367
5.155e-05,0.00917265,0.0149414
5.158e-05,0.00970124,0.0138672
5.162e-05,0.0079289,0.0152148
5.165e-05,0.00802218,0.015293
5.168e-05,0.00870624,0.0149609
5.171e-05,0.00926593,0.0144727
5.174e-05,0.00898608,0.0154297
5.178e-05,0.00945249,0.0147656
5.181e-05,0.00814655,0.015293
5.184e-05,0.00867515,0.014707
5.187e-05,0.00898608,0.0144141
5.190e-05,0.00994999,0.0149805
5.194e-05,0.00976343,0.0151758
5.197e-05,0.00851968,0.0148242
5.200e-05,0.00823983,0.0154492
5.203e-05,0.00861296,0.0154688
5.206e-05,0.00833312,0.015
5.210e-05,0.00932812,0.015
5.213e-05,0.00864405,0.0158789
5.216e-05,0.00914155,0.0161914
5.219e-05,0.0089239,0.0157227
5.222e-05,0.00935921,0.0154102
5.226e-05,0.0093903,0.0159766
5.229e-05,0.0088928,0.0153906
5.232e-05,0.00827093,0.0154492
5.235e-05,0.00855077,0.0153125
5.238e-05,0.0084264,0.0152539
5.242e-05,0.0084264,0.0151953
5.245e-05,0.00858187,0.015
5.248e-05,0.00851968,0.0143945
5.251e-05,0.00907937,0.0144336
5.254e-05,0.00836421,0.0152734
5.258e-05,0.00932812,0.0148047
5.261e-05,0.00827093,0.0149414
5.264e-05,0.0074003,0.014707
5.267e-05,0.00808437,0.0153711
5.270e-05,0.00932812,0.0137695
5.274e-05,0.00864405,0.014668
5.277e-05,0.00823983,0.015332
5.280e-05,0.00802218,0.0137305
5.283e-05,0.00814655,0.0136914
5.286e-05,0.00848858,0.0141602
5.290e-05,0.00799108,0.0144922
5.293e-05,0.00749358,0.0137891
5.296e-05,0.00736921,0.014082
5.299e-05,0.00777343,0.0141797
5.302e-05,0.0084264,0.0135156
5.306e-05,0.00855077,0.0133594
5.309e-05,0.00752468,0.0141211
5.312e-05,0.00764905,0.0137695
5.315e-05,0.00749358,0.0134766
5.318e-05,0.00680952,0.0132227
5.322e-05,0.00680952,0.0139453
5.325e-05,0.00646749,0.0130078
5.328e-05,0.00674733,0.0135156
5.331e-05,0.00718265,0.0132617
5.334e-05,0.00817765,0.0129102
5.338e-05,0.00606327,0.0120508
5.341e-05,0.00534812,0.0131055
5.344e-05,0.00833312,0.0129883
5.347e-05,0.00631202,0.0120703
5.350e-05,0.00733812,0.0123828
5.354e-05,0.00652968,0.0124805
5.357e-05,0.0069028,0.0125391
5.360e-05,0.00612546,0.0116797
5.363e-05,0.0069028,0.0115625
5.366e-05,0.00665405,0.0116211
5.370e-05,0.00609437,0.0103516
5.373e-05,0.00525483,0.0118555
5.376e-05,0.00600108,0.0108594
5.379e-05,0.00621874,0.0105273
5.382e-05,0.00668515,0.00937501
5.386e-05,0.00659187,0.00929688
5.389e-05,0.00447749,0.00978516
5.392e-05,0.00497499,0.00953126
5.395e-05,0.00581452,0.00931641
5.398e-05,0.00609437,0.00878907
5.402e-05,0.00488171,0.00939454
5.405e-05,0.0044153,0.00917969
5.408e-05,0.00410437,0.00919922
5.411e-05,0.00422874,0.00861329
5.414e-05,0.00500608,0.00794922
5.418e-05,0.00547249,0.00853516
5.421e-05,0.0044464,0.00783204
5.424e-05,0.00519265,0.0084961
5.427e-05,0.0044153,0.00873047
5.430e-05,0.00621874,0.00837891
5.434e-05,0.00668515,0.00705079
5.437e-05,0.00519265,0.00751954
5.440e-05,0.00531702,0.00650391
5.443e-05,0.00578343,0.00677735
5.446e-05,0.00525483,0.00640626
5.450e-05,0.00425983,0.00582032
5.453e-05,0.00407327,0.00587891
5.456e-05,0.0039178,0.00580079
5.459e-05,0.00503718,0.00501954
5.462e-05,0.00363796,0.00464844
5.466e-05,0.00407327,0.00529297
5.469e-05,0.00485062,0.00472657
5.472e-05,0.00366905,0.00457032
5.475e-05,0.00376233,0.00464844
5.478e-05,0.00460187,0.00351563
5.482e-05,0.00481952,0.00417969
5.485e-05,0.00407327,0.00388672
5.488e-05,0.00457077,0.00382813
5.491e-05,0.0049128,0.00388672
5.494e-05,0.00447749,0.00347657
5.498e-05,0.00500608,0.00353516
5.501e-05,0.00537921,0.00269532
5.504e-05,0.00463296,0.00222657
5.507e-05,0.0049439,0.00263672
5.510e-05,0.00550358,0.00236329
5.514e-05,0.00584562,0.00203126
5.517e-05,0.00450858,0.00189454
5.520e-05,0.00463296,0.00158204
5.523e-05,0.0039489,0.000468756
5.526e-05,0.00472624,0.000449225
5.530e-05,0.00475733,0.000195318
5.533e-05,0.00497499,0.000800787
5.536e-05,0.00460187,0.000195318
5.539e-05,0.00323374,0.000429693
5.542e-05,0.0044464,5.96046e-09
5.546e-05,0.00385562,-0.000292963
5.549e-05,0.00301608,5.96046e-09
5.552e-05,0.00373124,-0.000449213
5.555e-05,0.00478843,-0.000449213
5.558e-05,0.00419765,-0.000546869
5.562e-05,0.00537921,-0.00121093
5.565e-05,0.0029228,-0.00113281
5.568e-05,0.00534812,-0.00113281
5.571e-05,0.00584562,-0.00136718
5.574e-05,0.00575233,-0.000820307
5.578e-05,0.0044464,-0.00126953
5.581e-05,0.00388671,-0.00124999
5.584e-05,0.00478843,-0.00195312
5.587e-05,0.0039178,-0.00208984
5.590e-05,0.00519265,-0.00208984
5.594e-05,0.00385562,-0.00191406
5.597e-05,0.00338921,-0.00294921
5.600e-05,0.00382452,-0.00265624
5.603e-05,0.00397999,-0.0040039
5.606e-05,0.0039489,-0.00371093
5.610e-05,0.00370015,-0.00322265
5.613e-05,0.00497499,-0.00404296
5.616e-05,0.0049128,-0.00330078
5.619e-05,0.00497499,-0.00412109
5.622e-05,0.00370015,-0.00435546
5.626e-05,0.00519265,-0.00416015
5.629e-05,0.0044153,-0.00414062
5.632e-05,0.00587671,-0.00503906
5.635e-05,0.00718265,-0.00460937
5.638e-05,0.00547249,-0.00468749
5.642e-05,0.00525483,-0.00476562
5.645e-05,0.00506827,-0.00470703
5.648e-05,0.00516155,-0.00560546
5.651e-05,0.00659187,-0.00560546
5.654e-05,0.00699608,-0.00580078
5.658e-05,0.00603218,-0.00566406
5.661e-05,0.00621874,-0.00482421
5.664e-05,0.00680952,-0.00578124
5.667e-05,0.00513046,-0.00654296
5.670e-05,0.00665405,-0.00589843
5.674e-05,0.00628093,-0.00589843
5.677e-05,0.00416655,-0.00705078
5.680e-05,0.00569015,-0.00624999
5.683e-05,0.00618765,-0.00628906
5.686e-05,0.0069339,-0.00718749
5.690e-05,0.0049439,-0.00685546
5.693e-05,0.0064053,-0.00683593
5.696e-05,0.00556577,-0.00683593
5.699e-05,0.00634312,-0.00693359
5.702e-05,0.00733812,-0.00736328
5.706e-05,0.00702718,-0.00601562
5.709e-05,0.00609437,-0.00652343
5.712e-05,0.00699608,-0.00765624
5.715e-05,0.00708937,-0.00845703
5.718e-05,0.00833312,-0.00726562
5.722e-05,0.00603218,-0.00707031
5.725e-05,0.00718265,-0.00771484
5.728e-05,0.00727593,-0.00798828
5.731e-05,0.0064053,-0.00779296
5.734e-05,0.00858187,-0.00941406
5.738e-05,0.00628093,-0.00822265
5.741e-05,0.00646749,-0.00822265
5.744e-05,0.00687171,-0.00832031
5.747e-05,0.00802218,-0.00839843
5.750e-05,0.00771124,-0.00896484
5.754e-05,0.00659187,-0.00847656
5.757e-05,0.00727593,-0.00890624
5.760e-05,0.00736921,-0.00789062
5.763e-05,0.00718265,-0.00857421
5.766e-05,0.00827093,-0.00804687
5.770e-05,0.00901718,-0.00832031
5.773e-05,0.00833312,-0.00748046
5.776e-05,0.00727593,-0.00773437
5.779e-05,0.00870624,-0.00789062
5.782e-05,0.00920374,-0.00853515
5.786e-05,0.00780452,-0.00783203
5.789e-05,0.00817765,-0.00816406
5.792e-05,0.00805327,-0.00835937
5.795e-05,0.00802218,-0.00849609
5.798e-05,0.00811546,-0.00857421
5.802e-05,0.00761796,-0.00863281
5.805e-05,0.00771124,-0.00960937
5.808e-05,0.00724483,-0.00892578
5.811e-05,0.00814655,-0.00759765
5.814e-05,0.00761796,-0.00886718
5.818e-05,0.00861296,-0.0090039
5.821e-05,0.00752468,-0.00812499
5.824e-05,0.0079289,-0.00880859
5.827e-05,0.00948358,-0.0080664
5.830e-05,0.00786671,-0.00849609
5.834e-05,0.00805327,-0.00791015
5.837e-05,0.00911046,-0.00732421
5.840e-05,0.00858187,-0.00714843
5.843e-05,0.00817765,-0.00822265
5.846e-05,0.00907937,-0.00724609
5.850e-05,0.0088928,-0.00720703
5.853e-05,0.00833312,-0.00742187
5.856e-05,0.00808437,-0.0074414
5.859e-05,0.00923483,-0.00751953
5.862e-05,0.00858187,-0.00802734
5.866e-05,0.0083953,-0.00726562
5.869e-05,0.00907937,-0.00804687
5.872e-05,0.0084264,-0.00849609
5.875e-05,0.0084264,-0.00773437
5.878e-05,0.00811546,-0.00791015
5.882e-05,0.00920374,-0.00804687
5.885e-05,0.00805327,-0.00755859
5.888e-05,0.0093903,-0.00814453
5.891e-05,0.00994999,-0.00644531
5.894e-05,0.00926593,-0.00742187
5.898e-05,0.00945249,-0.00705078
5.901e-05,0.00749358,-0.0068164
5.904e-05,0.0089239,-0.00599609
5.907e-05,0.00895499,-0.00648437
5.910e-05,0.0089239,-0.00658203
5.914e-05,0.00926593,-0.00644531
5.917e-05,0.0089239,-0.00562499
5.920e-05,0.00848858,-0.00666015
5.923e-05,0.00876843,-0.00685546
5.926e-05,0.00883062,-0.00607421
5.930e-05,0.00898608,-0.00578124
5.933e-05,0.00876843,-0.00689453
5.936e-05,0.00879952,-0.00609374
5.939e-05,0.00982562,-0.00601562
5.942e-05,0.00876843,-0.00611328
5.946e-05,0.00954577,-0.00671874
5.949e-05,0.00926593,-0.00570312
5.952e-05,0.00883062,-0.00617187
5.955e-05,0.00932812,-0.00531249
5.958e-05,0.00873733,-0.00470703
5.962e-05,0.00851968,-0.00482421
5.965e-05,0.00799108,-0.00435546
5.968e-05,0.00929702,-0.00542968
5.971e-05,0.00848858,-0.00513671
5.974e-05,0.00901718,-0.00531249
5.978e-05,0.00898608,-0.00421874
5.981e-05,0.00914155,-0.00417968
5.984e-05,0.00994999,-0.00281249
5.987e-05,0.00883062,-0.00378906
5.990e-05,0.00851968,-0.00384765
5.994e-05,0.00870624,-0.00382812
5.997e-05,0.0083953,-0.00294921
6.000e-05,0.00898608,-0.00419921
6.003e-05,0.00957687,-0.00361328
6.006e-05,0.00923483,-0.00408203
6.010e-05,0.00932812,-0.00386718
6.013e-05,0.00855077,-0.00382812
6.016e-05,0.00901718,-0.00347656
6.019e-05,0.00994999,-0.00263671
6.022e-05,0.00954577,-0.00322265
6.026e-05,0.00811546,-0.00216796
6.029e-05,0.0084264,-0.00201171
6.032e-05,0.00901718,-0.00193359
6.035e-05,0.00914155,-0.00167968
6.038e-05,0.00833312,-0.00201171
6.042e-05,0.0089239,-0.00177734
6.045e-05,0.00864405,-0.00124999
6.048e-05,0.00920374,-0.00164062
6.051e-05,0.00786671,-0.00240234
6.054e-05,0.00982562,-0.00152343
6.058e-05,0.00985671,-0.000742182
6.061e-05,0.00907937,-0.000429682
6.064e-05,0.00957687,-0.000800775
6.067e-05,0.00963905,-0.00117187
6.070e-05,0.00935921,-0.00136718
6.074e-05,0.00994999,-0.000488275
6.077e-05,0.00873733,-0.000957025
6.080e-05,0.00799108,-0.000644525
6.083e-05,0.00901718,-0.00107421
6.086e-05,0.00967015,-0.00072265
6.090e-05,0.00929702,-0.000664057
6.093e-05,0.00945249,-0.000546869
6.096e-05,0.00876843,-0.000312494
6.099e-05,0.00907937,5.96046e-09
6.102e-05,0.00954577,0.000468756
6.106e-05,0.00945249,0.000507818
6.109e-05,0.00911046,-1.95253e-05

